cn,a1e3,a1e4,a1e5,a1e6,a1e7,a1e8,rec,A1e6d
4,1,,26,2011,,,2305,2305
15,2,,23,2011,,,2073,2073
15,1,,88,2011,,missing data,2200,2200
28,1,,88,2011,,missing data,2070,2070
28,1,,88,2011,,missing data,2070,2070
38,2,8,88,,Inclusion Criteria not met prior to registration,CT done greater than 6 weeks to registration,825,
38,1,,88,2011,,missing data,2031,2031
45,1,,88,2011,,,1968,1968
45,1,,26,2011,,,1968,1968
48,1,,26,2011,,,1953,1953
48,1,,26,2011,,,1953,1953
57,1,,88,2011,,missing data,1891,1891
60,2,12,,2006,,,0,0
64,1,,26,2011,,,1841,1841
64,1,,26,2011,,,1841,1841
68,1,,26,2011,,,1812,1812
70,2,8,88,,Pre CT done 6 weeks and 3 days prior to registration,,561,
82,1,,26,2011,,,1695,1695
83,2,8,88,,Inclusion criteria not met prior to registration,MRI was done 8 weeks/5 days before Registration,481,
87,1,,88,2011,,missing data,1643,1643
91,2,8,88,,Inclusion criteria not met prior to registration,Pre PET greater than 6 weeks prior to Registration,409,
92,1,,26,2011,,,1611,1611
94,2,8,88,,Inclusion criteria not met prior to registration,CT perform greater than 6 weeks prior to registration,404,
101,1,,26,2011,,,1618,1618
101,1,,26,2011,,,1618,1618
101,1,,88,2011,,,1618,1618
101,1,,26,2011,,,1618,1618
103,2,8,88,,Inclusion criteria not met prior to registration,CT greater than 6 wks prior registration,371,
117,1,,88,2011,,missing data,1553,1553
117,1,,88,2011,,missing data,1553,1553
123,2,8,,,Akaline Phosphatase level was not done within 4 weeks of reg,,763,
131,1,,88,2011,,missing data,1500,1500
132,1,,26,2011,,,1486,1486
141,1,,26,2011,,,1469,1469
141,1,,26,2011,,,1469,1469
142,1,,26,2011,,,1444,1444
144,2,,18,,,,723,
156,2,7,5,,,,17,
172,1,,88,2011,,missing data,1274,1274
188,1,,88,2011,,missing data,1183,1183
205,2,8,,2009,"No lymph node involvement by PET/CT, staged IIA",using 18mv rad trial allows 10mv,116,116
207,1,,26,2011,,,1134,1134
207,1,,26,2011,,,1134,1134
211,2,8,,,,,357,
212,1,,26,2011,,,1112,1112
212,1,,26,2011,,,1112,1112
214,1,,26,2011,,,1105,1105
216,1,,26,2011,,,1101,1101
217,1,,26,2011,,,1087,1087
224,1,,26,2011,,,1062,1062
224,1,,26,2011,,,1062,1062
225,1,,26,2011,,,1057,1057
231,1,,88,2011,,,982,982
247,1,,26,2011,,,936,936