cn,a1e3,a1e4,a1e5,a1e6,a1e7,a1e8,rec,A1e6d
62,2,8,88,,Inclusion criteria not met prior to registration,Pre-txt PET performed on non-qualified scanner and >6weeks,475,
78,1,,26,2011,,,1717,1717
171,2,8,88,,Inclusion Criteria not met prior to registration,Pre CT done greater than 6 wks prior to registration,73,
177,1,,26,2011,,,1240,1240
177,1,,88,2011,,,1240,1240
177,1,,26,2011,,,1240,1240
190,1,,26,2011,,,1164,1164
200,1,,26,2011,,,1148,1148
200,1,,26,2011,,,1148,1148
208,1,,26,2011,,,1132,1132
213,1,,26,2011,,,1107,1107
221,1,,26,2011,,,1078,1078
221,1,,88,2011,,,1078,1078
226,1,,26,2011,,,1057,1057
226,1,,26,2011,,,1057,1057
240,2,,5,2009,,insufficient due to  diagnoses -TXN2MO,140,7
246,2,,88,,Not recieving concurrent chemoradiotherapy per protocol,,123,
251,1,,26,2011,,,903,903
