Col_num,ques_seq_no,field_name,ques_desc,data_type,resp_seq_no,resp_desc
1,1,Ise1,DATE OF ULTRASOUND,YYYY,,best4.
2,1,Ise1d,Days from Base_dt to DATE OF ULTRASOUND,#,,best8.
3,2,Ise2,DATE ULTRASOUND READ,YYYY,,best4.
4,2,Ise2d,Days from Base_dt to DATE ULTRASOUND READ,#,,best8.
5,4,Ise4,MASS/LESION VISIBLE BY ULTRASOUND,List,1,No
5,4,Ise4,MASS/LESION VISIBLE BY ULTRASOUND,List,2,Yes
5,4,Ise4,MASS/LESION VISIBLE BY ULTRASOUND,List,98,Not applicable
6,5,Ise5,LOCATION OF ENHANCEMENT/LESION,List,1,Right breast
6,5,Ise5,LOCATION OF ENHANCEMENT/LESION,List,2,Left breast
7,6,Ise6,TOTAL NUMBER OF LESIONS VISIBLE ON MRI,#,,BEST32.
8,7,Ise7,TOTAL NUMBER OF MR LESIONS VISIBLE ON ULTRASOUND,#,,BEST32.
9,8,Ise8,TOTAL NUMBER OF LESIONS VISIBLE ON ULTRASOUND,#,,BEST32.
10,9,Ise9,DATA RECORDED REPRESENT LESION #,#,,BEST32.
11,10,Ise10,CHARACTERIZATION OF LESION:  MASS,List,1,No
11,10,Ise10,CHARACTERIZATION OF LESION:  MASS,List,2,Yes
12,11,Ise11,CHARACTERIZATION OF LESION:  SHAPE,List,1,Oval
12,11,Ise11,CHARACTERIZATION OF LESION:  SHAPE,List,2,Round
12,11,Ise11,CHARACTERIZATION OF LESION:  SHAPE,List,3,Irregular
13,12,Ise12,MASS ORIENTATION,List,1,Not parallel
13,12,Ise12,MASS ORIENTATION,List,2,Parallel
14,13,Ise13,CHARACTERIZATION OF LESION:  MARGINS,List,1,"Circumscribed, thin rim or no perceptible rim"
14,13,Ise13,CHARACTERIZATION OF LESION:  MARGINS,List,2,"Circumscribed, thick rim"
14,13,Ise13,CHARACTERIZATION OF LESION:  MARGINS,List,3,Irregular
15,14,Ise14,MASS 1 - MARGINS - INDISTINCT,List,1,No
15,14,Ise14,MASS 1 - MARGINS - INDISTINCT,List,2,Yes
16,15,Ise15,MARGINS - ANGULAR,List,1,No
16,15,Ise15,MARGINS - ANGULAR,List,2,Yes
17,16,Ise16,MASS 1 - MARGINS - MICROLOBULATED,List,1,No
17,16,Ise16,MASS 1 - MARGINS - MICROLOBULATED,List,2,Yes
18,17,Ise17,MARGINS - SPICULATED / STELLATE,List,1,No
18,17,Ise17,MARGINS - SPICULATED / STELLATE,List,2,Yes
19,18,Ise18,MASS POSTERIOR ACOUSTIC FEATURES,List,1,None
19,18,Ise18,MASS POSTERIOR ACOUSTIC FEATURES,List,2,Enhancement
19,18,Ise18,MASS POSTERIOR ACOUSTIC FEATURES,List,3,Shadowing
19,18,Ise18,MASS POSTERIOR ACOUSTIC FEATURES,List,4,Combined pattern
20,19,Ise19,MASS SURROUNDING TISSUE,List,1,No effect
20,19,Ise19,MASS SURROUNDING TISSUE,List,2,Identifiable effect
21,20,Ise20,IDENTIFIABLE EFFECT:  DUCT CHANGES,List,1,No
21,20,Ise20,IDENTIFIABLE EFFECT:  DUCT CHANGES,List,2,Yes
22,21,Ise21,IDENTIFIABLE EFFECT:  COOPER'S LIGAMENT CHANGES,List,1,No
22,21,Ise21,IDENTIFIABLE EFFECT:  COOPER'S LIGAMENT CHANGES,List,2,Yes
23,22,Ise22,IDENTIFIABLE EFFECT:  EDEMA,List,1,No
23,22,Ise22,IDENTIFIABLE EFFECT:  EDEMA,List,2,Yes
24,23,Ise23,IDENTIFIABLE EFFECT:  ARCHITECTURAL DISTORTION,List,1,No
24,23,Ise23,IDENTIFIABLE EFFECT:  ARCHITECTURAL DISTORTION,List,2,Yes
25,24,Ise24,IDENTIFIABLE EFFECT:  SKIN THICKENING,List,1,No
25,24,Ise24,IDENTIFIABLE EFFECT:  SKIN THICKENING,List,2,Yes
26,25,Ise25,IDENTIFIABLE EFFECT:  SKIN RETRACTION / IRREGULARITY,List,1,No
26,25,Ise25,IDENTIFIABLE EFFECT:  SKIN RETRACTION / IRREGULARITY,List,2,Yes
27,26,Ise26,IDENTIFIABLE EFFECT:  PECTORAL MUSCLE SEEN-PLANE W/ANT TISSUE UNCLEAR,List,1,No
27,26,Ise26,IDENTIFIABLE EFFECT:  PECTORAL MUSCLE SEEN-PLANE W/ANT TISSUE UNCLEAR,List,2,Yes
28,27,Ise27,CALCIFICATIONS,List,1,No
28,27,Ise27,CALCIFICATIONS,List,2,Yes
29,28,Ise28,CALCIFICATION FEATURES - MACROCALCIFICATIONS,List,1,No
29,28,Ise28,CALCIFICATION FEATURES - MACROCALCIFICATIONS,List,2,Yes
30,29,Ise29,CALCIFICATION FEATURES - MICROCALCIFICATIONS OUT OF MASS,List,1,No
30,29,Ise29,CALCIFICATION FEATURES - MICROCALCIFICATIONS OUT OF MASS,List,2,Yes
31,30,Ise30,CALCIFICATION FEATURES - MICROCALCIFICATONS IN MASS,List,1,No
31,30,Ise30,CALCIFICATION FEATURES - MICROCALCIFICATONS IN MASS,List,2,Yes
32,31,Ise31,SPECIAL CASES,List,1,No
32,31,Ise31,SPECIAL CASES,List,2,Yes
33,32,Ise32,SPECIAL CASE FEATURES - MASS IN OR ON SKIN,List,1,No
33,32,Ise32,SPECIAL CASE FEATURES - MASS IN OR ON SKIN,List,2,Yes
34,33,Ise33,SPECIAL CASE FEATURES - FOREIGN BODY,List,1,No
34,33,Ise33,SPECIAL CASE FEATURES - FOREIGN BODY,List,2,Yes
35,34,Ise34,SPECIAL CASE FEATURES - INTRAMAMMARY LYMPH NODE,List,1,No
35,34,Ise34,SPECIAL CASE FEATURES - INTRAMAMMARY LYMPH NODE,List,2,Yes
36,35,Ise35,SPECIAL CASE FEATURES - LYMPH NODES - AXILLA,List,1,No
36,35,Ise35,SPECIAL CASE FEATURES - LYMPH NODES - AXILLA,List,2,Yes
37,36,Ise36,VASCULARITY,List,1,None
37,36,Ise36,VASCULARITY,List,2,Same as normal tissue
37,36,Ise36,VASCULARITY,List,3,Decreased
37,36,Ise36,VASCULARITY,List,4,Increased
37,36,Ise36,VASCULARITY,List,98,Cannot assess
38,37,Ise37,LESION LOCATION PER DIAGRAM / R0,List,1,Lesion not visible in this region
38,37,Ise37,LESION LOCATION PER DIAGRAM / R0,List,2,Lesion visible in this region
39,38,Ise38,LESION LOCATION PER DIAGRAM / R1,List,1,Lesion not visible in this region
39,38,Ise38,LESION LOCATION PER DIAGRAM / R1,List,2,Lesion visible in this region
40,39,Ise39,LESION LOCATION PER DIAGRAM / R2,List,1,Lesion not visible in this region
40,39,Ise39,LESION LOCATION PER DIAGRAM / R2,List,2,Lesion visible in this region
41,40,Ise40,LESION LOCATION PER DIAGRAM / R3,List,1,Lesion not visible in this region
41,40,Ise40,LESION LOCATION PER DIAGRAM / R3,List,2,Lesion visible in this region
42,41,Ise41,LESION LOCATION PER DIAGRAM / R4,List,1,Lesion not visible in this region
42,41,Ise41,LESION LOCATION PER DIAGRAM / R4,List,2,Lesion visible in this region
43,42,Ise42,LESION LOCATION PER DIAGRAM / R5,List,1,Lesion not visible in this region
43,42,Ise42,LESION LOCATION PER DIAGRAM / R5,List,2,Lesion visible in this region
44,43,Ise43,LESION LOCATION PER DIAGRAM / R6,List,1,Lesion not visible in this region
44,43,Ise43,LESION LOCATION PER DIAGRAM / R6,List,2,Lesion visible in this region
45,44,Ise44,LESION LOCATION PER DIAGRAM / L0,List,1,Lesion not visible in this region
45,44,Ise44,LESION LOCATION PER DIAGRAM / L0,List,2,Lesion visible in this region
46,45,Ise45,LESION LOCATION PER DIAGRAM / L1,List,1,Lesion not visible in this region
46,45,Ise45,LESION LOCATION PER DIAGRAM / L1,List,2,Lesion visible in this region
47,46,Ise46,LESION LOCATION PER DIAGRAM / L2,List,1,Lesion not visible in this region
47,46,Ise46,LESION LOCATION PER DIAGRAM / L2,List,2,Lesion visible in this region
48,47,Ise47,LESION LOCATION PER DIAGRAM / L3,List,1,Lesion not visible in this region
48,47,Ise47,LESION LOCATION PER DIAGRAM / L3,List,2,Lesion visible in this region
49,48,Ise48,LESION LOCATION PER DIAGRAM / L4,List,1,Lesion not visible in this region
49,48,Ise48,LESION LOCATION PER DIAGRAM / L4,List,2,Lesion visible in this region
50,49,Ise49,LESION LOCATION PER DIAGRAM / L5,List,1,Lesion not visible in this region
50,49,Ise49,LESION LOCATION PER DIAGRAM / L5,List,2,Lesion visible in this region
51,50,Ise50,LESION LOCATION PER DIAGRAM / L6,List,1,Lesion not visible in this region
51,50,Ise50,LESION LOCATION PER DIAGRAM / L6,List,2,Lesion visible in this region
52,51,Ise51,LESION LOCATION PER DIAGRAM / RT,List,1,Lesion not visible in this region
52,51,Ise51,LESION LOCATION PER DIAGRAM / RT,List,2,Lesion visible in this region
53,52,Ise52,LESION LOCATION PER DIAGRAM / RA,List,1,Lesion not visible in this region
53,52,Ise52,LESION LOCATION PER DIAGRAM / RA,List,2,Lesion visible in this region
54,53,Ise53,LESION LOCATION PER DIAGRAM / RB,List,1,Lesion not visible in this region
54,53,Ise53,LESION LOCATION PER DIAGRAM / RB,List,2,Lesion visible in this region
55,54,Ise54,LESION LOCATION PER DIAGRAM / RC,List,1,Lesion not visible in this region
55,54,Ise54,LESION LOCATION PER DIAGRAM / RC,List,2,Lesion visible in this region
56,55,Ise55,LESION LOCATION PER DIAGRAM / RD,List,1,Lesion not visible in this region
56,55,Ise55,LESION LOCATION PER DIAGRAM / RD,List,2,Lesion visible in this region
57,56,Ise56,LESION LOCATION PER DIAGRAM / RE,List,1,Lesion not visible in this region
57,56,Ise56,LESION LOCATION PER DIAGRAM / RE,List,2,Lesion visible in this region
58,57,Ise57,LESION LOCATION PER DIAGRAM / RF,List,1,Lesion not visible in this region
58,57,Ise57,LESION LOCATION PER DIAGRAM / RF,List,2,Lesion visible in this region
59,58,Ise58,LESION LOCATION PER DIAGRAM / RG,List,1,Lesion not visible in this region
59,58,Ise58,LESION LOCATION PER DIAGRAM / RG,List,2,Lesion visible in this region
60,59,Ise59,LESION LOCATION PER DIAGRAM / LT,List,1,Lesion not visible in this region
60,59,Ise59,LESION LOCATION PER DIAGRAM / LT,List,2,Lesion visible in this region
61,60,Ise60,LESION LOCATION PER DIAGRAM / LA,List,1,Lesion not visible in this region
61,60,Ise60,LESION LOCATION PER DIAGRAM / LA,List,2,Lesion visible in this region
62,61,Ise61,LESION LOCATION PER DIAGRAM / LB,List,1,Lesion not visible in this region
62,61,Ise61,LESION LOCATION PER DIAGRAM / LB,List,2,Lesion visible in this region
63,62,Ise62,LESION LOCATION PER DIAGRAM / LC,List,1,Lesion not visible in this region
63,62,Ise62,LESION LOCATION PER DIAGRAM / LC,List,2,Lesion visible in this region
64,63,Ise63,LESION LOCATION PER DIAGRAM / LD,List,1,Lesion not visible in this region
64,63,Ise63,LESION LOCATION PER DIAGRAM / LD,List,2,Lesion visible in this region
65,64,Ise64,LESION LOCATION PER DIAGRAM / LE,List,1,Lesion not visible in this region
65,64,Ise64,LESION LOCATION PER DIAGRAM / LE,List,2,Lesion visible in this region
66,65,Ise65,LESION LOCATION PER DIAGRAM / LF,List,1,Lesion not visible in this region
66,65,Ise65,LESION LOCATION PER DIAGRAM / LF,List,2,Lesion visible in this region
67,66,Ise66,LESION LOCATION PER DIAGRAM / LG,List,1,Lesion not visible in this region
67,66,Ise66,LESION LOCATION PER DIAGRAM / LG,List,2,Lesion visible in this region
68,67,Ise67,REGION OF GREATEST INVOLVEMENT / CRANIO-CAUDAL,List,10,L0
68,67,Ise67,REGION OF GREATEST INVOLVEMENT / CRANIO-CAUDAL,List,11,L1
68,67,Ise67,REGION OF GREATEST INVOLVEMENT / CRANIO-CAUDAL,List,12,L2
68,67,Ise67,REGION OF GREATEST INVOLVEMENT / CRANIO-CAUDAL,List,13,L3
68,67,Ise67,REGION OF GREATEST INVOLVEMENT / CRANIO-CAUDAL,List,14,L4
68,67,Ise67,REGION OF GREATEST INVOLVEMENT / CRANIO-CAUDAL,List,15,L5
68,67,Ise67,REGION OF GREATEST INVOLVEMENT / CRANIO-CAUDAL,List,16,L6
68,67,Ise67,REGION OF GREATEST INVOLVEMENT / CRANIO-CAUDAL,List,20,R0
68,67,Ise67,REGION OF GREATEST INVOLVEMENT / CRANIO-CAUDAL,List,21,R1
68,67,Ise67,REGION OF GREATEST INVOLVEMENT / CRANIO-CAUDAL,List,22,R2
68,67,Ise67,REGION OF GREATEST INVOLVEMENT / CRANIO-CAUDAL,List,23,R3
68,67,Ise67,REGION OF GREATEST INVOLVEMENT / CRANIO-CAUDAL,List,24,R4
68,67,Ise67,REGION OF GREATEST INVOLVEMENT / CRANIO-CAUDAL,List,25,R5
68,67,Ise67,REGION OF GREATEST INVOLVEMENT / CRANIO-CAUDAL,List,26,R6
69,68,Ise68,REGION OF GREATEST INVOLVEMENT / MEDIO-LATERAL,List,11,LT
69,68,Ise68,REGION OF GREATEST INVOLVEMENT / MEDIO-LATERAL,List,12,LA
69,68,Ise68,REGION OF GREATEST INVOLVEMENT / MEDIO-LATERAL,List,13,LB
69,68,Ise68,REGION OF GREATEST INVOLVEMENT / MEDIO-LATERAL,List,14,LC
69,68,Ise68,REGION OF GREATEST INVOLVEMENT / MEDIO-LATERAL,List,15,LD
69,68,Ise68,REGION OF GREATEST INVOLVEMENT / MEDIO-LATERAL,List,16,LE
69,68,Ise68,REGION OF GREATEST INVOLVEMENT / MEDIO-LATERAL,List,17,LF
69,68,Ise68,REGION OF GREATEST INVOLVEMENT / MEDIO-LATERAL,List,18,LG
69,68,Ise68,REGION OF GREATEST INVOLVEMENT / MEDIO-LATERAL,List,21,RT
69,68,Ise68,REGION OF GREATEST INVOLVEMENT / MEDIO-LATERAL,List,22,RA
69,68,Ise68,REGION OF GREATEST INVOLVEMENT / MEDIO-LATERAL,List,23,RB
69,68,Ise68,REGION OF GREATEST INVOLVEMENT / MEDIO-LATERAL,List,24,RC
69,68,Ise68,REGION OF GREATEST INVOLVEMENT / MEDIO-LATERAL,List,25,RD
69,68,Ise68,REGION OF GREATEST INVOLVEMENT / MEDIO-LATERAL,List,26,RE
69,68,Ise68,REGION OF GREATEST INVOLVEMENT / MEDIO-LATERAL,List,27,RF
69,68,Ise68,REGION OF GREATEST INVOLVEMENT / MEDIO-LATERAL,List,28,RG
70,69,Ise69,TUMOR SIZE (MM): DIMENSION X (NN),#,,BEST32.
71,70,Ise70,TUMOR SIZE (MM): DIMENSION Y (NN),#,,BEST32.
72,71,Ise71,TUMOR SIZE (MM): DIMENSION Z (NN),#,,BEST32.
73,72,Ise72,DEPTH OF LESION FROM SKIN (MM),#,,BEST32.
74,73,Ise73,FINAL ASSESSMENT,List,1,1-Negative
74,73,Ise73,FINAL ASSESSMENT,List,2,2-Benign
74,73,Ise73,FINAL ASSESSMENT,List,3,3-Probably Benign
74,73,Ise73,FINAL ASSESSMENT,List,4,Suspicious abnormality
74,73,Ise73,FINAL ASSESSMENT,List,5,Highly suggestive of malignancy
75,74,Ise74,POST-ULTRASOUND MR ASSESSMENT,List,1,1-Negative
75,74,Ise74,POST-ULTRASOUND MR ASSESSMENT,List,2,2-Benign
75,74,Ise74,POST-ULTRASOUND MR ASSESSMENT,List,3,3-Probably Benign
75,74,Ise74,POST-ULTRASOUND MR ASSESSMENT,List,4,Suspicious abnormality
75,74,Ise74,POST-ULTRASOUND MR ASSESSMENT,List,5,Highly suggestive of malignancy
76,76,Ise76,DATE FORM COMPLETED (MM/DD/YYYY),YYYY,,best4.
77,76,Ise76d,Days from Base_dt to DATE FORM COMPLETED (MM/DD/YYYY),#,,best8.
78,79,Rec,Data Entry Date (Days from base date),#,,best8.
