form,form_desc
A0,*HQ*CONFIRMATION
AB,BIOPSY PROCEDURE FORM
F1,+FOLLOW-UP PROGRESS FORM
I1,+INITIAL EVALUATION/ON-STUDY
IA,MAMMOGRAM ASSESSMENT FORM
IM,POST MRI MAMMOGRAPHY ASSESSMENT FORM
IS,ULTRASOUND FORM
K3,*HQ*ADVERSE EVENT FORM
M3,MRI ASSESSMENT FORM
M4,MRI SHORT INTERVAL ASSESSMENT FORM
P8,*HQ* ADD'L PATH REVIEW
PA,PATHOLOGY EVALUATION - EXCISIONAL
PD,PATHOLOGY EVALUATION - MASTECTOMY
PE,PATHOLOGY EVALUATION - CORE NEEDLE BIOPSY
PR,PROTOCOL VARIATION FORM
QA,MRI QUALITY ASSESSMENT FORM
