cn,BXe1,BXe2,BXe3,BXe4,BXe4d,BXe5,BXe6,BXe7,BXe8,BXe9,BXe10,BXe11,BXe12,BXe13,BXe14,BXe15,BXe16,BXe17,BXe18,BXe19,BXe22,BXe22d,rec
223,2,,,2014,69,88,Right Esophagoscopy Biopsy,2,,3,,,,1,,,,,1,,2015,310,310
223,2,,,2014,69,88,Rigid Esophagoscopy Biopsy,2,,3,,,,1,,,,,1,,2015,310,366
236,1,88,patient did not have distant metastases per PET/CT (*******),,,,,,,,,,,,,,,,,,2016,357,357
256,1,88,multiple small lung lesions and the patient will go for CRT after surgery.,,,,,,,,,,,,,,,,,,2016,32,32
